Year,Precip_00,Precip_01
851,737.8069628169618,492.40610130344595
852,840.3699449785989,516.8509881331138
853,301.41966598081984,216.84090677376813
854,298.3679086575532,243.940222104016
855,369.3977723612867,557.6272921530708
856,606.0727581649313,566.3749684452029
857,331.86605118037113,340.0282205010096
858,308.74561192074805,350.261706683544
859,539.5831727152764,551.2175427715981
860,544.4439482598302,467.36822910290175
861,377.3070902797118,659.9501030600769
862,401.4664277141472,424.58304635402527
863,438.62636083551837,267.31948263207835
864,289.18254545385213,481.0834394548319
865,320.95035273286425,574.4491692420418
866,304.2676173683178,325.55464381709135
867,606.0051874489027,258.73941801956533
868,868.3696140248591,262.8055818747656
869,242.94339433754604,521.885664800147
870,435.5332068215306,1427.0815375320194
871,78.66155810228722,435.42126345279235
872,382.71014841672996,261.5618848232229
873,135.085617902954,439.47182175314134
874,96.6780298175296,502.0972246322464
875,524.6058135958021,278.1949773672942
876,536.151351677071,526.86320315132
877,756.5902004397911,556.1632739469073
878,555.9232965325393,285.7456192549173
879,650.3438956533737,132.87701872590188
880,529.6668159576877,463.0865014796075
881,578.8350684527835,1067.7256971998197
882,588.8839860809271,350.66847268039294
883,604.703053142376,228.991641382692
884,546.4667908250077,182.7923339779053
885,463.1878293050387,514.5576694892953
886,98.383919132815,486.04469694015404
887,165.96336953179681,243.57118361765026
888,242.36476745283196,286.2665663486344
889,195.49125865982776,504.9350620782583
890,495.0607544782437,473.3488106562351
891,392.7867419294428,255.8198608273879
892,416.0434984947253,147.40465056924768
893,737.5831725780882,435.87095404795764
894,357.2305571817395,425.38174043464915
895,376.681606362304,724.6589833489287
896,439.84507500402987,544.3355154088192
897,106.7963319770088,654.6272532964323
898,455.01637748017134,630.2607325041419
899,166.87752927616097,222.78205917894414
900,275.316480134687,715.1580562313796
901,421.4152410510072,453.8214295910476
902,231.24632259070918,163.81698509148148
903,868.3524093701968,879.4235686116275
904,329.5272766438298,269.33566208843183
905,401.79810097311577,545.6773077847497
906,231.5327585263494,294.2060873004146
907,509.45573460409935,1072.2157185770154
908,401.50815589589104,591.8090967385127
909,858.4466020401511,279.7002169835751
910,468.72192131010587,187.15002354388932
911,353.9900615976762,751.449181557853
912,383.05424561595305,757.1880752067339
913,1016.1906152185973,966.0786703413753
914,718.4510881764464,603.1632602432746
915,235.45655873653422,334.6176112733808
916,431.76858258155863,328.3603037746197
917,674.358749063291,748.7399073267721
918,643.3141712681949,413.0277530677773
919,235.6847940599517,479.5103523188363
920,383.7352224670064,725.6573827768758
921,218.34563390448818,326.64524766866094
922,550.6550094171773,392.50700792931326
923,380.5326918250487,135.03305236560232
924,220.0311955131839,437.83601990739703
925,229.27366657751213,346.5608387470711
926,317.2405355840426,463.8719648054605
927,621.4770929751985,734.305809434107
928,485.39898540773527,337.09618017403886
929,387.04226501024925,508.0497640678942
930,209.74759640137526,383.9714865487253
931,376.79065889900596,363.8153239599329
932,495.2201972062739,339.992750269471
933,700.4638382199195,477.04860589340484
934,414.94780731806816,159.33919747662296
935,538.2841884301426,920.9058613249356
936,679.3276801653515,282.8010539946093
937,663.9523143580344,248.7737245922467
938,489.54610517343576,387.65955713397585
939,303.120358090872,407.53415475521757
940,458.9138775938257,494.5291238876397
941,237.93563466698168,350.9545112046245
942,330.8360727739362,598.5514593389838
943,374.47422666509004,125.04155071359585
944,269.6000204378122,343.03822771915384
945,418.7855882257105,443.55639657708605
946,440.83992464837496,467.55912436490746
947,406.65485727551567,138.04404030686334
948,370.499474993013,213.65385601491002
949,361.7438219977889,387.9175140144562
950,254.63448301956268,547.4907459735813
951,388.571216046473,610.8355692076134
952,615.6364159385041,511.4640008657338
953,204.96180479146682,653.3299360724615
954,513.2439531711715,220.24227799518457
955,317.0457588804937,807.5413652676683
956,360.9378199556986,769.8329068884656
957,204.35284478831002,777.7414475525612
958,404.858483994448,412.381383846132
959,734.3305293458222,180.53335693987785
960,1118.056495014742,666.8727329052087
961,286.463819441441,264.33849281511004
962,409.8693987993648,732.3695048190388
963,548.8616052398706,278.3031961843647
964,308.60212262243107,359.1839353866679
965,383.1706674522511,446.19269514969636
966,316.0870041157329,573.0360912812014
967,601.1835970648598,126.9241328517426
968,668.9499687911734,362.91919260348214
969,698.6100010856549,583.2281044914541
970,358.90209918747587,731.4533684209116
971,444.95519161850495,628.4246957015574
972,583.6304024551823,618.5387312958536
973,342.4102405972341,482.43689169307714
974,311.8492671219302,407.5606523921745
975,196.49641388229668,392.9250388663604
976,56.344936073604366,489.1575990396115
977,524.4432260132389,597.0129215510999
978,732.517486727779,593.0040071270438
979,572.8199318976283,533.2537963668967
980,316.2041243745798,985.0034410774409
981,470.7137468368682,126.97292280541922
982,530.0602847993935,212.54372120131816
983,724.0586459231448,473.7103191227381
984,535.5217892731248,961.6635835764307
985,327.4246752684053,491.84723655690584
986,603.6754882201008,583.6236700127416
987,565.386695292035,782.7794490926598
988,426.61226874661486,537.9837147102087
989,705.6540109105908,405.2309722749113
990,787.8285854708208,313.5615807512686
991,399.59917960385417,684.1237590905615
992,180.1327358578849,559.9444930953196
993,152.74305717639626,577.3627900440398
994,273.6152052770306,93.3491448471403
995,533.0972752247482,351.91757347817537
996,582.4762552428288,518.6463334053833
997,333.7854384583066,88.04077224181817
998,323.46893203113535,280.56451839975045
999,279.42673865406516,406.9359891506545
1000,856.9952312839264,693.1571063225982
1001,651.3762242506757,382.1758051395263
1002,485.71296892902376,475.286630253468
1003,184.72538464650228,279.63792923840197
1004,197.03866101389943,468.6384249578652
1005,907.9550176433936,725.2088828929709
1006,617.246992386838,639.6518857560867
1007,449.03956981514364,168.29190538310786
1008,359.5114242845498,107.85501436124626
1009,389.31894079384614,501.7869641665082
1010,445.03791557461676,307.46146331405515
1011,328.77013602271364,330.8695514820892
1012,245.24434573648915,213.13988956252487
1013,517.6515882187523,505.5183623304924
1014,618.3054488584029,493.0539324685178
1015,813.3507976319231,455.5941389566712
1016,400.232303956444,316.5929099422387
1017,424.48788242721804,303.1813399296342
1018,372.6697304448422,354.0014658642412
1019,304.8367877716095,348.1818818306552
1020,522.5650713322549,683.7851639616173
1021,838.0940422714392,282.4331116349218
1022,389.6062503881329,427.79183249867776
1023,486.779465626503,37.65461119722513
1024,621.7844816721914,158.48029923335525
1025,721.7885586804929,434.1177077571848
1026,717.7638124136122,827.4975119625074
1027,558.1139202111385,738.4589753510464
1028,667.6750588589347,383.51285506313695
1029,633.6947183165968,539.219812720987
1030,254.08708108956563,677.1829793778364
1031,642.0753287947368,215.42553520076345
1032,192.5324221981033,450.99112747765673
1033,163.8960984166885,255.07675942011952
1034,234.90547829939186,373.8953127592095
1035,466.8858151119139,664.3039860299913
1036,531.0747514861971,938.477142619244
1037,622.2326041922381,310.0580387208161
1038,489.83519484191214,386.5342232402729
1039,436.459611627968,317.74193823233935
1040,198.78122237010257,369.8889326215046
1041,389.25173060389574,593.9624620924402
1042,533.8777267315359,394.94720242713197
1043,353.28360520435234,295.3245728539015
1044,750.2254430164411,721.9269845897497
1045,972.0557124839136,292.04364262756536
1046,164.28297002376948,331.37705005948385
1047,405.315736653915,163.06121958360637
1048,329.55813421258614,418.8810186347014
1049,563.6513747330453,99.87650695541498
1050,376.6291111229574,817.0407548620192
1051,981.4535937907342,363.1611350385865
1052,431.1284017934141,429.9504784618357
1053,333.5872501996575,525.0010280067943
1054,262.34112457520865,190.80684967771316
1055,852.1528813003713,461.7197105355503
1056,420.19733623222413,245.99785463411675
1057,443.7364482209367,208.55299345065885
1058,288.89969070502116,346.3788583339281
1059,288.2557244721269,10.98164845424876
1060,611.1292219381122,568.4561503600372
1061,622.7977325836506,612.0736915312343
1062,1059.9524089547333,510.9071337276772
1063,632.5848303629492,333.27852471028314
1064,602.9710961147932,299.3833228406605
1065,249.38919645493422,572.6871608519709
1066,262.2164255948082,547.7496929835156
1067,214.0701645925174,307.58453527489036
1068,157.81045132530605,527.0103397990191
1069,640.7252182603712,459.23011451966454
1070,263.45526046173495,468.9833252683377
1071,408.9475462800341,404.2020766643528
1072,274.862065291711,764.7206128634972
1073,398.77442131741304,496.09765836082994
1074,610.8720061892889,409.29392612607813
1075,318.77942242811616,403.7644278841114
1076,748.7397720599381,384.0891315912265
1077,551.9649083503274,284.943485616497
1078,610.9239780005303,252.83118439962132
1079,390.99866395351006,851.0409355188381
1080,610.6865526848643,793.0006255375224
1081,263.6323974085144,437.74308492626153
1082,437.36374299524283,242.87192932015563
1083,354.4847974917351,464.9051458783329
1084,461.4096338073298,250.44366932885362
1085,244.04126086370223,533.3130358965174
1086,486.3641257057016,352.62250217378937
1087,373.37503194589584,255.75783905215215
1088,640.9330710951929,192.6256358158736
1089,440.59401290496527,176.89751155320397
1090,231.7649713494439,803.3361134078694
1091,608.5732368093193,482.35063729592315
1092,296.476131993255,200.02194573994842
1093,957.1310737527527,256.43751271237664
1094,479.3153706842566,302.7374698989607
1095,288.94615328517483,471.1722957285859
1096,97.14528307229159,353.94304000743347
1097,220.4663784856519,638.2357236902442
1098,231.84295672538104,168.5951177216509
1099,295.6332434114473,613.504001449645
1100,166.63853064913627,350.05686789134194
1101,235.31212881205886,250.05242728886245
1102,547.5249853021343,511.99209920731005
1103,567.7312543247417,489.12024294705407
1104,178.31514556720177,322.4659194091832
1105,403.6818695226877,887.3540521843111
1106,762.4852971427458,453.3925778922407
1107,315.46483079566576,820.7442876631553
1108,250.38651049353734,380.6720394707301
1109,364.35566329186537,896.153997394107
1110,508.4202944048421,281.6804275796682
1111,89.60927916825634,128.23590485024832
1112,923.1324114258413,266.8339310198066
1113,294.04935062406344,475.7248210848837
1114,172.44052918039156,129.64930763399417
1115,327.8145028332996,653.2583995196429
1116,266.88344357665994,808.5603763116018
1117,729.1735620263679,857.0410418285996
1118,212.00887427098428,787.3628302641413
1119,268.40018883137606,409.8244303877168
1120,784.9327684481757,537.0341587532316
1121,242.39933292156846,716.6726689741208
1122,425.67562392836686,954.2486219808777
1123,262.546580597714,212.8799784317325
1124,662.4533348822298,269.0760474661066
1125,558.2500301701522,480.64882097444234
1126,557.2420554789933,324.77820201377443
1127,389.80167164132234,441.8385910539308
1128,254.68326245032412,655.6397280060032
1129,331.7208003805513,695.0302432342048
1130,707.3425476575346,585.5513740138332
1131,246.7943598863281,213.4479968285091
1132,1120.1616332402325,505.0710807688207
1133,954.031596171176,380.4244476564022
1134,861.8360327531357,687.0259867141557
1135,442.3119325063653,466.6894759936506
1136,498.77859284615784,841.4748842773732
1137,245.56770893544126,569.3125273563355
1138,577.5564704210645,142.114605502818
1139,508.77679192405134,311.82860568410763
1140,331.5379924504689,279.87256068488
1141,159.2316522336633,371.5406000360703
1142,113.52402603163742,94.17426781635645
1143,332.41219336922666,169.09098297707706
1144,419.0898018360102,691.1305959032751
1145,372.59568901730455,831.1629419373012
1146,770.2948689368508,353.91251101600426
1147,210.34269915273973,235.22472646521388
1148,214.40574662285863,353.745458334052
1149,100.84555664082392,543.4836287235781
1150,348.21057202553254,435.056839128151
1151,788.3569593475997,433.24849848489794
1152,847.6555179769258,956.4668703531053
1153,791.9770181402645,132.57510389744232
1154,366.26262268292396,261.84785083512884
1155,78.94007839577738,288.31025796509994
1156,337.1610590166573,363.79141827320944
1157,496.0645376585022,502.7953264299317
1158,360.98521937438386,354.7567947711824
1159,176.10491450710316,444.9712112106436
1160,356.21251348870817,655.0107456102846
1161,144.4701049092779,406.51176386816564
1162,229.3368448900576,323.4779209568877
1163,168.35559228206756,458.65792637254617
1164,190.24956679380824,365.6003426461437
1165,566.1434830373387,171.6903570544961
1166,361.8225535236965,178.00423364516888
1167,175.57448431718728,830.6615229255685
1168,826.9998729189099,543.3606425150202
1169,660.7557819570518,312.44802910780516
1170,346.9123393743672,261.34678848778924
1171,454.23576689436265,192.03479727340687
1172,513.9582502568824,286.1364925279746
1173,1043.922383215817,795.1708807722356
1174,431.1539720986347,761.0929483969687
1175,200.10136715799027,177.02826602657467
1176,316.5924706370198,322.77142587599326
1177,269.6580084719619,992.7727246599823
1178,193.74403439274326,802.132322254437
1179,130.96948716609938,943.1121135546833
1180,272.298955733013,323.13998354431857
1181,491.94839675181737,570.1626276751666
1182,281.7518879844444,603.1393271906111
1183,587.3829950625259,428.0361555330564
1184,624.8544724875209,611.7375903059616
1185,1186.5080323972459,914.7864473517803
1186,1186.027693823501,641.7304638291794
1187,370.26004333521064,486.9103481966536
1188,372.8948488397828,529.4118199504738
1189,483.07141596283986,396.27706110844224
1190,203.07278095254398,994.2515052495547
1191,252.2724032034888,506.43281078370893
1192,278.40158028255286,455.78924554349317
1193,94.53212820901786,666.3392576980864
1194,496.38259320194544,442.15331015386886
1195,521.2276296487498,329.950736533148
1196,373.80461570671065,404.28957264505476
1197,722.9122178216925,445.61267305376447
1198,932.0913979263877,587.6031711483514
1199,534.8527543156515,753.5104239002821
1200,708.6209759964304,502.5238435027826
1201,201.74845692107516,186.43348566267792
1202,469.45972272704245,325.7824412516867
1203,357.2413573476814,332.4870155021244
1204,541.1042715009485,574.5705018750275
1205,765.4327883381198,284.76879105204915
1206,961.5775277919693,107.49793794507885
1207,394.1767861244186,278.18644218691253
1208,391.59906859050795,286.7315191045903
1209,683.3748493487121,865.2178490368435
1210,334.7067984486528,481.8280519095422
1211,650.4859852753505,297.6182714998899
1212,542.5963999823462,528.7924435653968
1213,303.3682241920309,480.2011856625637
1214,370.1507022724669,906.2538606281763
1215,665.232753921558,559.2263857419374
1216,624.683510111155,504.89835230038057
1217,292.96079215965864,530.8875026346645
1218,533.7950020884073,670.8206893410462
1219,192.17475224379345,495.74304294728927
1220,709.5715008034897,551.5032533280231
1221,703.030675567973,346.6099018308348
1222,162.31681704958018,284.050703365466
1223,223.04539773483017,258.50325265395145
1224,499.258287755589,388.1337764880696
1225,363.6500638575681,391.81721442550713
1226,458.0099535857693,171.807693978986
1227,490.5228887204197,168.2970028402318
1228,599.7663387000692,411.9706534467411
1229,356.95760650580297,168.73490202178047
1230,395.1138757175162,803.2875143006585
1231,258.5593603483571,1053.2789971917384
1232,255.78126952318584,268.75411256644026
1233,409.54824653480097,367.8921969696402
1234,459.16902772537287,169.96753729421891
1235,465.2571414027298,208.1781576218289
1236,425.7790388539451,239.79794767258014
1237,238.29793097817318,661.8453088642366
1238,183.68449765371562,1003.6065391035187
1239,717.6853549464794,569.5078813879497
1240,829.2542722234871,224.3411952218288
1241,230.28314765990558,405.40047660827275
1242,378.2739668627332,714.8446148135681
1243,344.4931739679866,926.5925275798628
1244,362.83717084755455,646.2141519080968
1245,394.6787475610146,486.9489946352173
1246,266.5874345557773,624.5476493901829
1247,529.1363495002984,257.09014423963185
1248,318.7754019476146,818.6110724932588
1249,212.33306566610008,466.8544781467698
1250,208.90289058351246,694.8579076387759
1251,382.0614380873732,483.2737485994092
1252,459.8007824222605,452.98910554252234
1253,144.83468228119426,305.6538408823407
1254,135.36940264459116,456.81238601559005
1255,394.7178213219338,197.07618404191481
1256,305.2665837711742,317.2242389403491
1257,981.573120561102,201.28176590747532
1258,390.22044358308267,495.4864134080832
1259,740.1694941776645,946.1394426869946
1260,548.1551924592044,787.251814682513
1261,341.11040418903036,603.4833587017342
1262,410.3332183056186,526.959543860372
1263,399.6250246216771,190.77645519909808
1264,182.50651898636949,325.4079412534394
1265,341.7579448891558,554.8832752068834
1266,443.1306367733216,794.1762547494542
1267,735.9722186667892,456.0707103511522
1268,220.28951000932759,439.10909003391487
1269,242.52736947895332,233.7735763192317
1270,341.20452464772546,36.10835437084219
1271,672.6761752475421,355.4366843300836
1272,602.931825640465,815.7490248539543
1273,393.48620256462164,391.3665767600396
1274,499.8882649000007,543.7525774582948
1275,546.7279483229045,542.4262199650682
1276,454.7415086806434,554.9874464668712
1277,542.7073347127598,209.71481041610718
1278,594.567252917358,453.4950290229692
1279,557.9445895671978,334.65206597755264
1280,221.44377896401053,190.1981902650874
1281,575.8650080865513,518.0689128706161
1282,206.84058615120048,680.4457646765985
1283,404.8458453246648,827.0449933443034
1284,948.9640448799596,286.2632656424118
1285,737.7435814198473,819.0805843759617
1286,350.1099508933726,894.463707788434
1287,443.58470985444944,626.909920860727
1288,229.87111362314312,242.6950166280554
1289,650.0028488799455,566.0572485389586
1290,265.8683411274496,239.5870583194705
1291,335.30668569634526,480.0280779528779
1292,416.2699731261372,449.91370487614057
1293,336.9343388132145,170.2471824505479
1294,466.500494381564,737.1755399375876
1295,644.1020929260484,694.520504560481
1296,723.8343320920482,618.8990348111337
1297,339.90764001021154,460.85122398189264
1298,479.35769213485116,179.10230452705883
1299,540.1123132144281,220.35578180027585
1300,451.282063417227,520.5498691948534
1301,325.0834911641734,485.64688051290113
1302,485.27017491186683,261.5225391241756
1303,436.5227339181655,399.5128491745781
1304,664.9989458896749,48.12510950631047
1305,354.8880919099724,812.6553049532049
1306,509.8075452506124,403.3310176241311
1307,119.73361359021062,517.855025407322
1308,495.1136874204474,274.89384494766546
1309,374.37552718781626,154.47468502465085
1310,678.3651280342444,453.62585903330086
1311,172.09030242077122,655.5000057239223
1312,413.46378498407626,168.44436598111642
1313,257.29416025956704,404.0917124204237
1314,213.22746671235282,475.2807043284988
1315,387.5642298127596,475.019290628412
1316,227.34221424014308,470.46144481926314
1317,496.3166546350079,417.3148765530438
1318,420.83489249976526,200.7152382583028
1319,617.2817606115983,515.1047021381839
1320,726.1980444874832,610.6333795559652
1321,418.535403374925,780.1506900121823
1322,736.0058638585685,399.5010057470532
1323,697.2541243329695,254.72775157786938
1324,307.87799770790934,374.3143279839235
1325,278.0560209233456,258.5346675049963
1326,407.93375323323767,527.5377575621927
1327,308.9915075079585,459.8130488482672
1328,801.6199486518573,439.52989757124465
1329,671.1026020763118,359.2441143878035
1330,365.0076874647133,948.0034619291141
1331,451.5437159724563,223.7697420705773
1332,436.86283382228623,184.01704369793114
1333,29.440851967074238,909.7677654469848
1334,440.537904466013,411.95242698158006
1335,679.3348005428159,468.72947716491007
1336,138.87833864276269,152.7015415669245
1337,354.4473656174743,511.6604225832745
1338,584.9611019170101,656.0290839960047
1339,342.27509052950643,465.3408618616418
1340,254.9860355408412,437.9667908088812
1341,342.2200636813659,502.87015158714564
1342,391.2856328734902,461.9740505130338
1343,414.78963631846517,163.82115494034778
1344,472.99675970952904,678.5158533147546
1345,679.4700061036414,549.6629323420192
1346,607.5559988637077,160.79865784305682
1347,658.8467923204709,296.6553437633369
1348,392.65916039884837,673.0904638572911
1349,384.56547416608186,629.1507889050706
1350,459.1704775738495,206.3367072022737
1351,235.13249234849386,252.4014787071673
1352,396.2822971320023,255.3382366108516
1353,404.92116053628564,577.8813010824
1354,441.6962217458948,241.03660131129985
1355,815.0121842428017,319.8325263783921
1356,582.7203688933103,707.1771241471747
1357,732.1784584254614,381.1514021769205
1358,480.62337628233564,936.3350633819794
1359,246.12695377787304,320.7456990939699
1360,159.18359740347833,409.22723932822913
1361,288.0389387646067,324.262531888674
1362,1033.3933556206462,193.57050968088225
1363,467.69281422724197,116.08051315578949
1364,567.5992147368885,554.909631103898
1365,266.3529874805224,434.83633100785727
1366,39.908881960311945,456.24800922063866
1367,695.4243883612015,145.59101531247694
1368,807.4326831506642,332.86938074943805
1369,329.14277922762307,524.5872449585885
1370,488.69305992424296,185.3756873268289
1371,612.2576240560113,746.0076332992364
1372,317.73428330033045,746.8461580444023
1373,641.1423115845273,257.2651616413131
1374,626.4548464311188,180.92641412713226
1375,322.7761958739949,180.8535629040308
1376,539.4051020776602,308.5865422442976
1377,547.6117371062796,193.19676174029684
1378,606.2081293672437,422.64511623518433
1379,870.2563779786348,443.5137324641569
1380,401.10042325294023,756.0135046836093
1381,307.475975312448,290.9442310856082
1382,391.5234499404348,440.37086677011627
1383,130.98628346118448,674.3971164403595
1384,207.28350124137515,458.3590878639008
1385,264.9071964307574,400.2987860478392
1386,258.241856695222,256.16079223625513
1387,1030.5569005544746,571.1714347552986
1388,390.6982213138787,296.6339362546746
1389,306.20970897030116,570.3264166628936
1390,453.8787241882019,761.9876119498188
1391,895.734212924232,640.4720645793029
1392,889.7093857630557,366.80615632239403
1393,238.37124990574424,271.81516445258444
1394,182.86121742244057,764.7814140066716
1395,481.6214694461862,484.1214297324778
1396,400.18669144276606,576.508298526187
1397,678.2030835854811,232.29649037834838
1398,671.5375231206738,549.6136920769959
1399,232.5489065942977,417.39540960630114
1400,409.68600183264124,300.3931981044557
1401,503.8702721077386,824.6703011054067
1402,650.0365735169905,599.6021613944968
1403,213.92025666390515,229.25583025728145
1404,352.99422936685926,380.12113364223916
1405,711.6370340829811,169.46452290528725
1406,457.79658232438567,601.9143807072122
1407,197.72114238780316,483.18015425156204
1408,255.91087161484245,222.00295617766318
1409,639.1406654713653,515.5169546169127
1410,343.98133534859954,333.17843897039506
1411,250.5514216055311,564.676438648797
1412,717.7856875234925,714.1637325730452
1413,850.5799705607499,401.9064981310019
1414,409.31467234478265,315.12496739731563
1415,392.8204808170872,473.69244282520543
1416,264.34975695466096,215.46038241066427
1417,575.9398085930052,588.1581148647558
1418,629.193235781814,125.66742056728796
1419,483.6236402223843,172.46347651329918
1420,389.051599585015,127.12257189470921
1421,560.8271008241314,381.15686366648316
1422,110.68240764656565,303.0702061716452
1423,220.3286349581052,346.4141760381397
1424,447.44413711823347,327.88503518634195
1425,190.75998591328846,278.38514420465594
1426,348.2949693618554,465.55735670616286
1427,267.7032219308336,408.6861928163274
1428,261.3794888084434,272.49783144829917
1429,998.73199567269,1145.017054904355
1430,612.156700529094,258.3706376091598
1431,479.9140616163237,312.2015175205632
1432,283.4431385725595,351.71555033220415
1433,196.7211868489133,918.2651767337178
1434,470.4592403776401,264.74870231866345
1435,159.05145512240313,428.7112955727097
1436,135.7359715343148,437.4087915622322
1437,336.87688398839464,176.59987176820718
1438,503.37634337140054,609.6257515596842
1439,654.8787110631207,477.60344817964034
1440,239.1305902872112,581.5958316075396
1441,176.6254524825097,520.7987736447869
1442,511.91638303163046,616.2858966489325
1443,403.49777759209235,359.70675154225546
1444,337.1227464567392,373.46071549338717
1445,567.2465423751145,361.9702447726482
1446,818.3555124584695,394.44821004595536
1447,364.22486445787064,360.5894433369878
1448,475.14133465165963,214.4317691512168
1449,223.19084528261817,277.6157508527629
1450,554.4288385509789,647.7599954888402
1451,463.11216058137586,630.5308442052041
1452,447.97942879027823,593.3092720967295
1453,257.6594321143864,227.8849147086193
1454,210.695758026093,327.81074375034274
1455,413.29662040024886,575.8507862858221
1456,462.9237294261381,401.5763979041548
1457,513.024031804126,318.9962986713417
1458,552.1491664112731,123.76911141754972
1459,572.1328970975195,315.52350612426494
1460,758.1251653848329,386.6602276837502
1461,770.2085932412053,474.1499174343808
1462,549.0261090912949,718.1687643464649
1463,288.1887459840076,323.80584064840207
1464,370.11190199815735,594.1414077850637
1465,942.2554521805271,334.71110350543734
1466,336.2151026875281,624.9625626654179
1467,713.0343117180985,1189.2025410950132
1468,484.630467283628,509.2746272520506
1469,174.6185694017559,410.7510702264602
1470,283.6985667155264,233.8911266327699
1471,491.6217180279821,478.9479167620658
1472,501.0806247431205,457.6253872527565
1473,191.93872552044337,739.3012029813534
1474,446.0752738527738,470.3479919377734
1475,379.64858658300636,581.815371658435
1476,472.2575298117795,882.3377333321507
1477,526.0157641470383,262.2711244711835
1478,395.5691862203775,472.74779903544817
1479,142.02352840339285,539.9304612364871
1480,615.8228863345939,360.3309858771593
1481,269.96255024383646,480.38626453956965
1482,187.3684086827656,252.1338725759445
1483,291.10197223835337,492.3665516913681
1484,839.8262267809291,638.9368569840777
1485,746.8840658710103,186.64403785611802
1486,733.8785478173917,346.6497761806419
1487,492.0468219894952,59.722448550380534
1488,332.0702342347348,247.23120343091443
1489,721.4761692244847,370.84023225133836
1490,723.965590218977,619.3731724840522
1491,625.1813829084745,766.4712783924407
1492,353.8093578377615,642.0549847838772
1493,211.57487115506507,405.9535785591214
1494,474.35566359388616,412.44421296789113
1495,383.8771584240261,190.63607842331658
1496,225.0696914385128,837.8845518091694
1497,476.0440310671244,211.44097353318986
1498,375.64138902606607,465.0551980344435
1499,349.08118328017486,256.3171186597346
1500,322.44422785536295,368.2692308010253
1501,406.4366929269007,181.30652937255684
1502,444.91674643715066,235.88232801735438
1503,472.7882017090409,616.8897955475774
1504,531.2372042186274,310.7735137188293
1505,299.4168208870462,697.4747315784678
1506,751.3390762127974,169.49954362654384
1507,886.7223583045625,678.54513308935
1508,363.8409033927343,131.5121583440803
1509,501.36394620538323,300.9218315211232
1510,302.7949646554862,960.9247632459527
1511,254.65597894074318,653.4537372144795
1512,376.37334597713533,378.4887225212332
1513,387.89342980180686,263.4624789608094
1514,545.4714610074282,580.8661776332511
1515,515.4785938221241,569.1287823953529
1516,589.6390790348028,714.2340912191705
1517,778.330140000945,215.13900294557635
1518,347.55776663191443,728.5263181618519
1519,513.1400748934182,751.9943891261457
1520,630.2542056795463,55.80530360989457
1521,523.4604827638922,597.683929717755
1522,654.3097608832762,841.2055610583237
1523,671.6296830775444,117.18249552212522
1524,504.0394061459259,366.4205552101109
1525,171.40207214508774,574.596431419165
1526,403.15714161768113,474.8694453100055
1527,371.7074199911936,510.78697348682687
1528,147.5768818359882,149.215435660015
1529,277.8370608301275,770.1882569321747
1530,544.4806195758697,959.031541079754
1531,453.6760469826318,722.2088946609764
1532,453.7035770232415,568.8724410987692
1533,280.8988783469939,244.91554871980355
1534,493.2114399324379,246.23679393798128
1535,903.6340363662134,754.1262381132617
1536,359.427789534832,1195.8552531920452
1537,419.1101650887185,553.8764116355658
1538,232.428709445426,273.6742683922494
1539,440.68620225843284,302.61266522417907
1540,426.99289149549264,503.6478106511586
1541,485.0883550268063,141.13062606929554
1542,389.18168066090095,459.9697862873326
1543,488.42565284120735,550.2748485219093
1544,947.2744838299336,551.9043399710123
1545,452.9746632364364,477.75420188486106
1546,235.18458978341332,534.6373187023249
1547,345.05867119771165,64.77056476625972
1548,542.0564987879195,477.11988589020166
1549,1028.1113012529772,429.80680133789804
1550,494.9479985581265,441.3832169345263
1551,177.55708421642535,234.96899621902816
1552,409.5782792285815,609.1077405389861
1553,429.3212058174739,293.2848727429001
1554,451.1587947605974,596.1409989951827
1555,397.81319647654993,523.3297945438391
1556,351.0424135587152,479.5276333926702
1557,528.5945789596154,678.073745454031
1558,215.70645368172126,394.1552163839519
1559,419.04461663141166,750.3045090916678
1560,368.87896640258714,494.74829595954117
1561,439.7659917553639,308.408540601556
1562,385.9450702136146,688.8519085567488
1563,95.87761949287793,916.2713219173872
1564,799.9896150832503,415.61529345801836
1565,494.27598702853066,211.8275900202737
1566,76.81117043549185,947.5389643107812
1567,671.7504774291274,262.23092051071825
1568,370.54638066115507,562.8930280120567
1569,607.9932678090305,454.61139691740885
1570,433.7228620778199,585.721143388127
1571,512.9059095210299,184.16353539835998
1572,935.7843161334184,391.73240543400857
1573,425.7229330440226,142.8801759284409
1574,407.55354501350917,400.3012055765693
1575,217.4886726439854,551.2014673430326
1576,335.8010657893699,253.81130747424643
1577,481.3900658201412,438.5104504682172
1578,289.15144923823163,177.95030237620216
1579,49.33281406484222,238.63330933665569
1580,271.1641254393917,389.0517859443321
1581,391.75691327057655,524.6423870283145
1582,396.9584334320852,578.3714560427363
1583,418.8677884573841,697.5873249583466
1584,320.173277105205,479.20690620770614
1585,259.26560228467554,1010.7636074619746
1586,897.4279838580757,563.7318065895709
1587,1000.7357427506372,290.1166703213491
1588,236.80895131584546,192.3872036103136
1589,172.4906871114019,689.0017128527612
1590,460.88208453850564,851.5791309761322
1591,713.0353637598073,508.663103957586
1592,742.9284361001405,311.16977679459643
1593,204.0861077355973,451.2105869142823
1594,269.73832642423235,360.44714386503784
1595,438.0437691977411,828.9569850812096
1596,426.45866111310943,119.39195886953672
1597,658.7858955335524,351.9645612332197
1598,397.2617443806285,118.927542532022
1599,412.1367947212906,573.3869592859263
1600,463.6750939829647,564.8398941047592
1601,559.0476506309388,1006.371553859875
1602,648.4254149073768,652.0504964774805
1603,477.6377700116248,923.753343997068
1604,333.3133033267777,594.6639671538563
1605,384.07471690381243,975.670463462444
1606,241.91972509368532,276.52891577836607
1607,149.20864557312055,576.6687396537815
1608,454.31437150208313,189.15404890596452
1609,628.7833242709751,389.6887444044835
1610,290.86871185143383,412.5263288824624
1611,262.5801682743225,680.8590314533698
1612,330.8861415882513,961.6198092494632
1613,655.5805960385696,611.7064224616291
1614,501.6082400722786,281.2171264313394
1615,366.42093096662035,509.625883928103
1616,352.09322662980685,809.9717897187387
1617,532.2105834390653,715.9925538867396
1618,440.4698968651831,339.2600301355411
1619,590.7617028449645,438.5842879517834
1620,247.6860515817823,272.3692801249152
1621,636.0693867855575,281.5759215492932
1622,662.382699407817,265.65081782513215
1623,524.8862094054714,546.2353389102757
1624,326.1822818964606,138.21377202962893
1625,280.46723652920446,630.1973599541375
1626,134.63586604329868,162.0443626843926
1627,398.8047127476117,343.9100975657357
1628,921.9715209770673,719.0619490971696
1629,418.8855637410749,96.76622274299135
1630,243.75132897703884,439.737584169689
1631,491.0341549513592,453.3291015357936
1632,264.4183226436386,1112.0344385225312
1633,282.74704016514187,509.7268397029974
1634,484.89105879361585,273.9253613955271
1635,523.5929860994024,564.0652123243168
1636,418.1684313379628,176.3827513504344
1637,299.78335989088754,498.20260651436007
1638,999.1278905448617,143.16321003218548
1639,436.98612708403715,540.981033537976
1640,166.6747261138079,587.3296528828457
1641,478.48273434187166,299.0043098616331
1642,139.56479583937514,413.5704374900649
1643,298.41802589947036,391.0138392654265
1644,636.8501540383043,763.0968582808092
1645,436.09751973994514,306.9514470320343
1646,443.6942096235694,527.6868479990019
1647,642.1325145914237,534.0892891340324
1648,590.8559496785356,695.3979719437654
1649,487.8160397421501,175.49994915974213
1650,460.02152155936994,376.1960334750764
1651,311.79407514324834,179.36170166656325
1652,598.0086215616801,380.062851871599
1653,474.05968059516914,457.8091310977445
1654,720.2263155752272,211.2900321514525
1655,371.86578781050173,782.0432395511342
1656,336.0078027909997,755.6692246970089
1657,395.3411623368905,753.0636500625368
1658,248.44324006825985,327.57501858992845
1659,383.8533342005304,218.77114562715042
1660,681.6537662291079,595.3020079760641
1661,911.9245177067703,202.4940539172584
1662,867.0403176723352,382.6609194457418
1663,371.32905303640763,586.3426122838107
1664,130.4984370180072,417.20186128267164
1665,226.5260897347516,156.45028591315128
1666,473.237024236909,547.5832459965274
1667,615.2253267158309,474.2879185677708
1668,538.9958624930221,356.68114729414077
1669,627.3152166458844,290.69525375758036
1670,250.92747599688659,366.13480989765833
1671,473.41191136285346,407.3448609386842
1672,639.6760185045102,472.56577557793236
1673,530.6417481707687,666.6464602050901
1674,486.7750419230028,543.9579401040562
1675,504.05252730201767,562.2198630859207
1676,120.40746814840941,823.5851452620482
1677,223.42076948333684,368.56453496083265
1678,351.41801979388975,645.75508439622
1679,704.9026666252263,236.45550851975653
1680,328.3117073299296,520.3937875649829
1681,299.4340443336742,638.0650974811243
1682,474.85953096358406,416.12918772709406
1683,295.54703019684075,489.3053707359246
1684,667.3321029735869,785.2306982697032
1685,659.2435350047617,563.7578221269715
1686,350.5795839304681,969.2427857719915
1687,395.35136660216233,275.21506082693725
1688,232.35668347376128,535.8599275281532
1689,395.0493397946199,299.9211685028465
1690,243.90061060218784,401.38727008196656
1691,672.6548593340189,300.8527241166033
1692,315.28096207171114,244.80240427181687
1693,384.4083808942144,513.7001818200648
1694,633.3472944454903,491.61148204198236
1695,218.65641355482538,168.147702501295
1696,186.3316546629794,391.3715242986705
1697,332.01699395801535,354.5226862570044
1698,344.4964913174237,549.904654836402
1699,601.5355168590708,525.8418350005423
1700,460.6910470172393,1034.9186884071014
1701,1067.7662313934495,235.23479010909023
1702,390.6386124253844,472.24305648668525
1703,225.6746529727776,563.7396754173868
1704,547.5465184120123,378.61314228651116
1705,262.6938512353702,648.1172852546008
1706,260.5002606042877,911.3683280513504
1707,703.072680223186,543.8187593100586
1708,381.1607446178901,314.654106798548
1709,353.0953794242479,366.25718105827417
1710,465.9162481832701,589.2057166337756
1711,433.3940794648349,284.7831448161002
1712,641.678467977469,388.0316686863218
1713,368.71444349136436,343.0260026593127
1714,786.3081103572998,279.4779801580547
1715,971.7453030845343,166.68245506332443
1716,317.1639139295162,411.2636135431046
1717,388.48021127571815,552.8666349613229
1718,844.1949145718182,202.69693839733318
1719,468.9541485657818,149.66743048855437
1720,772.9587659624636,783.9282554747634
1721,910.0240431406695,391.8896190503327
1722,659.2443687820067,402.6065606087228
1723,654.0728578626059,561.6222699727408
1724,518.8002634418257,279.0170716890374
1725,295.14655353355363,578.6779681036261
1726,668.6676251679779,438.1456384067897
1727,394.9828921669185,340.78336832698534
1728,384.75138018090837,131.19141699947625
1729,353.98329195376795,594.4405388387897
1730,503.7427836204067,954.4108417511197
1731,730.3471718634877,572.2463422081001
1732,706.6211214855841,410.8732762374104
1733,717.6001267787682,179.67410482100448
1734,520.4439702920896,333.6815118253501
1735,533.1521150485685,253.1952694832208
1736,534.4445235089959,355.9245670958886
1737,294.30504709240347,531.560496841764
1738,176.47550666338122,435.1523837048439
1739,223.60501075894246,657.4376714547484
1740,777.7612633064406,621.3018178221959
1741,543.4138143070261,407.6489228358953
1742,392.32030891239634,98.20057265660094
1743,408.9621067789763,277.25257507969536
1744,466.00827495266856,716.8545817759425
1745,88.69442304805027,266.94081237211776
1746,486.2134261630672,233.3880747008854
1747,693.8514177762853,268.7123133664997
1748,404.238943468536,337.6799000599443
1749,394.9595505943975,445.709141174262
1750,644.8853380192343,518.8138895419498
1751,314.78566333605784,149.16153454485502
1752,124.12380747339635,499.56440534852186
1753,318.7339885185585,655.8932566552688
1754,410.9794790015181,454.4050582874949
1755,211.2309935596164,272.34530358700425
1756,285.9081425488118,485.17433606794015
1757,125.4326108033895,1028.7456912353869
1758,247.16162130090646,272.2160484630504
1759,621.4552156662986,665.5109451211031
1760,693.600767985469,242.71661768672345
1761,644.9345603660338,197.20448329529145
1762,242.3746444773917,309.6369678237625
1763,441.6118746907818,581.1007312795767
1764,465.9645834823786,1117.1576506453619
1765,482.4753648822506,468.30861488879236
1766,218.6514014357526,395.07974146804537
1767,240.88131583656747,405.718449633481
1768,260.9170777346405,415.2206574167565
1769,649.2471480089056,527.3215667019201
1770,162.12346038526948,170.2353985192
1771,450.77596577423964,628.6300148203477
1772,243.27677151687598,450.10124649467315
1773,841.258954601351,301.35736523282486
1774,272.80237448679367,440.2111386876313
1775,215.36464583593684,753.1225868307079
1776,221.52141570080943,961.0996712633124
1777,415.40287814727697,773.2128953118305
1778,394.59244947241183,171.680347531365
1779,401.2934714754539,804.2724362729598
1780,193.4314787392821,487.50391944149305
1781,535.966166932817,375.06740057797714
1782,355.188847128734,497.8717111786385
1783,461.7243858509909,505.96412790807153
1784,455.5836057912218,684.4963623964383
1785,789.5465102680852,607.9917504815618
1786,215.04357024226195,680.9162598176457
1787,441.9533809561502,183.83829712342168
1788,374.8461241339926,477.5398598635974
1789,599.8301279084234,206.5332927579091
1790,386.6832908180529,763.6838949064605
1791,448.41250664574704,484.80703520767287
1792,599.6857649305844,244.98639275574712
1793,282.74476075443533,721.9231739015822
1794,493.79172852460624,794.1698168705295
1795,117.08191027755359,353.1623984061896
1796,263.81154429277046,685.8422517359087
1797,639.934758543203,515.7245891753719
1798,280.03077083515143,653.6103786320277
1799,684.7851379007893,358.5712702620368
1800,588.1263818494002,401.3085510360685
1801,372.0213220629402,361.802457301623
1802,314.5564162177366,191.76847090376629
1803,447.2563374360403,538.0192763999391
1804,432.62974765883047,564.8316820511478
1805,388.96929914325386,475.7610214390082
1806,568.0997353401538,560.0773526915495
1807,280.934068653056,272.4680985493489
1808,587.892868350217,263.9561841573642
1809,531.8382354403625,203.39580615285476
1810,767.8436073257622,701.7186619427257
1811,773.5499242903882,372.04699097009524
1812,439.0414047949772,501.6149694245482
1813,845.8372908265077,842.0042930820981
1814,305.6996129883358,362.7663890373293
1815,286.51614679439314,439.1038212353752
1816,180.33230318679853,615.878206882217
1817,609.3292638443021,281.3257155569236
1818,689.9706351367563,311.5860051405628
1819,543.4410285726508,572.1061128430254
1820,437.50455084482064,530.2803540448053
1821,142.11215086585295,550.7185623138424
1822,256.1060612312888,680.0579286530018
1823,287.12197498024193,471.1320123336012
1824,754.2734146653186,124.33412006174713
1825,343.79868506515464,335.867419223295
1826,264.77921126683486,629.8609191382731
1827,444.3772318743245,610.1996813028205
1828,234.0514386946929,382.414761002084
1829,403.436444900281,166.05329709119948
1830,264.9003210619567,1031.0612847327513
1831,172.58757187577285,685.1347627797368
1832,180.72791437045228,397.83027248687966
1833,523.8711947024665,273.2391669630581
1834,383.47417679449387,302.01602001117215
1835,451.7691763842842,165.41249109369156
1836,624.6432660323602,751.6053420169571
1837,603.2561900037091,282.2099663415471
1838,390.27260119978376,554.244367491998
1839,352.0965823713635,402.18093027664435
1840,443.8283347123228,434.11770040460647
1841,668.8388201740069,352.65948560252707
1842,105.42810924248845,300.86947197172725
1843,522.0589658098613,384.7557971638307
1844,396.90316538092003,544.6136265123007
1845,738.8669262218386,483.3471298444457
1846,668.9119681103358,826.7932753418361
1847,452.53558816519256,473.3880565488952
1848,548.6858353162002,400.14356544153196
1849,325.90981414597684,695.5396361683412
1850,603.4212395752243,731.3508037756627
1851,391.4213566376277,859.5346815908397
1852,621.1392516159287,462.3535343815429
1853,310.1797894541276,767.6661846622052
1854,519.5460873572683,538.1119150652489
1855,159.08586374221852,524.9484277674579
1856,352.86753862423643,494.6568142241555
1857,936.3209376750723,281.7826522189995
1858,261.15455939786807,295.83285039458696
1859,217.87431146978668,587.5695718589127
1860,429.50061169179725,611.0601529430435
1861,398.82247203558325,448.81326704790183
1862,692.4552231564188,765.6592973903461
1863,421.5439108350879,831.4593417862834
1864,240.266153098391,525.014976037734
1865,154.48604157221015,243.77548291127843
1866,248.89347044972007,585.1913540281487
1867,514.5389527038511,468.7042894386864
1868,534.7684511810257,443.3025112859493
1869,637.7494905768475,250.6055139549749
1870,461.3782829109429,176.4127100320016
1871,606.794028423537,477.7135673590964
1872,464.68845896621065,183.7780124109145
1873,387.1625948760434,593.2533768439349
1874,190.85754186081687,339.49196303443335
1875,505.77166824588636,365.3787564557517
1876,675.7131791720767,216.98429222540645
1877,623.244263871563,214.97341581769783
1878,358.8234951943856,594.1995971098377
1879,760.7017881898988,778.6687577061517
1880,752.4111014191036,536.8424632175884
1881,328.26819302257235,237.66170542965764
1882,476.1414821914113,493.4995743714051
1883,76.41006384117344,508.30272891355276
1884,594.6434438919542,524.5386927411646
1885,227.24742313648187,325.1655861862117
1886,333.0281518127679,327.08469724091566
1887,265.8417352537804,191.40163701633233
1888,320.7925277450483,393.87058281324823
1889,139.38671704648942,189.30031805409598
1890,478.2772527674975,249.70928718115383
1891,264.92181052923024,227.084598845998
1892,190.12311291141472,193.0519548498512
1893,212.28366539251797,281.3572401669749
1894,279.22845872105273,597.5762527847323
1895,136.5878938780235,632.5061411445254
1896,751.8268556154918,478.3056281314805
1897,679.3832650969584,519.677419796508
1898,194.9337125744772,364.56015078142616
1899,200.7179511065628,316.36768711455494
1900,483.1972804496836,294.46654617037973
1901,152.25009210995776,783.2008769485966
1902,366.9299668975338,491.87294597953695
1903,204.49495839284856,794.3234306367488
1904,731.0934612339297,125.39649017742865
1905,81.99681135516761,287.56254942214343
1906,192.9147868786631,439.3107520829825
1907,561.5195767499704,558.189399893261
1908,596.1067688152782,667.2085120045283
1909,850.1772262076273,385.5902457103836
1910,734.4112904153653,711.1156513239488
1911,439.22087323005167,264.05618053649516
1912,371.69762048607384,560.8275177194129
1913,91.58359732241155,596.2300051006874
1914,706.3706170187581,899.3253212964397
1915,236.6581670387058,782.655629917632
1916,612.3452763913916,831.3444801088126
1917,408.51936253344064,458.2498890401881
1918,476.8964261758247,342.4137489628608
1919,198.54146011751598,272.5005373235195
1920,252.21680283360752,773.6147981331957
1921,275.6794409063856,913.396473040327
1922,297.54154845508026,578.3988825470237
1923,413.6931023159847,1026.8759746855876
1924,311.94657233483167,227.38787035183475
1925,258.6562331139782,627.8146807712001
1926,176.42192567942897,304.20479771666305
1927,436.1271093325743,361.8841616827645
1928,551.3606167415313,189.57737864871663
1929,299.10249422972925,444.96577308583863
1930,315.6634539791576,549.2449758625322
1931,707.5107157799789,301.6665859201501
1932,524.963543438261,620.6971463463162
1933,356.4588511729302,847.8579127743644
1934,293.48429877262794,540.678795182632
1935,535.1232758994183,213.63023447634487
1936,229.99530203002038,607.5137252158784
1937,385.5941832529039,269.159360306321
1938,1074.7800682811126,108.8142951751505
1939,535.2426272980375,464.9792131048963
1940,362.5305878799653,346.64727321171966
1941,224.86272152698987,639.5723986070302
1942,467.8359364686949,349.6262256431131
1943,583.1148197982793,596.1749156188985
1944,656.0420624720332,619.2993205875597
1945,442.2996477534521,336.48141529141253
1946,394.01159148060503,549.0101096370695
1947,446.0306901271333,365.27104004191597
1948,656.4811578834353,425.31272101797805
1949,728.4256200715079,379.0968094890076
1950,192.57161091189946,465.32401877086807
1951,121.4149175106472,366.35568102772265
1952,489.9207382354351,212.09024397959308
1953,729.1431148660643,301.7292379405214
1954,418.3913850881987,279.64515677261426
1955,234.324462829244,626.2770542267389
1956,216.69671956077724,600.4221925377936
1957,175.2858861959459,464.61268502824464
1958,405.89652682723516,368.12672824849886
1959,283.8695650945955,256.5021157266621
1960,486.1063262659283,679.6197883474064
1961,1075.5521869616562,642.3965693629223
1962,444.22037827921866,953.5176661487453
1963,657.9180201641892,740.3877420280113
1964,547.8035067752492,347.0858749403064
1965,615.2379524993204,777.0426516629149
1966,508.0868139170015,271.5114360228792
1967,246.59106876734046,132.61634149309884
1968,202.6264123013612,269.00510743713414
1969,680.235282897528,412.757766043762
1970,1015.1731729589952,381.2593440513968
1971,546.0573240165319,351.95725634535165
1972,686.4429561629231,323.9360966192919
1973,158.73589414900445,625.4837113529318
1974,362.01635186032723,60.83895395718636
1975,237.94381041193802,229.6998199440633
1976,519.1106948717367,533.8053566411087
1977,468.46401032773684,656.8611929677916
1978,689.4029423821772,541.1351625759359
1979,895.5036447900125,406.74530944614105
1980,415.47562020122564,620.6073549516017
1981,245.32555747980956,299.46052487364085
1982,278.08130476552293,602.0641985440077
1983,581.9666372416,276.4972117976766
1984,498.1396035244602,677.454859832599
1985,209.16481997448028,374.35152980988573
1986,884.9688083123108,229.90515029860336
1987,200.66196493498958,451.95346439924174
1988,370.3347402403562,224.5850715630072
1989,112.27586352799756,425.1511053360045
1990,251.9402185881329,537.4026323368462
1991,472.83989851639467,367.41965842684715
1992,913.4109687333178,82.60880947480172
1993,732.7137907504489,389.36406680664436
1994,289.7566579734033,709.6597957792337
1995,430.0359348558552,455.2926924422983
1996,202.9927768976997,339.0733952594392
1997,576.1918706374028,460.4082823300135
1998,278.99207588526696,382.7402528454677
1999,661.3896464562931,578.2339709411007
2000,592.8616384583958,477.6664722675814
2001,719.6641203138206,292.79625579138224
2002,297.6650322349047,81.16762243234199
2003,239.00729918605046,341.7698810349605
2004,200.89572552373218,689.8892004750833
2005,587.6364331524937,279.51021943325696
